# ACCOUNTING #

INSERT INTO `Account`(`Nome utente`, `Password`, `Domanda di sicurezza`, `Risposta di sicurezza`) VALUES
("alemeini", "123456", "Come si chiama il tuo gatto?", "Tina"),
("loregrassi", "ciaociao", "Che lavoro vorresti fare?", "Pilota di linea"),
("hannahruthdevine", "87654321", "Canzone preferita?", "Brividi"),
("fedenardi", "T3tt3.d", "Parte A della scheda?", "Petto"),
("loresalva", "dajeee", "Dove sei stato a dicembre 2021?", "Parigi"),
("menco", "password", "Nome della prima band?", "Avatar"),
("nicobache11", "nicobache11", "Nome del gatto?", "Garfield"),
("martinapanico", "menaa", "Colore preferito?", "Tutti"),
("samumarchi", "sferaebbasta", "Squadra del cuore?", "Milan"),
("pippo", "ciaoatutti1", "Nome della sorella?", "Claudia");

INSERT INTO `Registro account`(`Account`, `Timestamp`, `Nuovo stato`) VALUES
("pippo", "2019-06-12 12:00:00", "attivo"),
("samumarchi", "2019-06-12 12:00:00", "attivo"),
("nicobache11", "2019-06-12 12:00:00", "attivo"),
("loresalva", "2019-06-12 12:00:00", "attivo"),
("pippo", "2020-03-18 14:00:00", "disattivo"),
("samumarchi", "2020-03-18 14:00:00", "disattivo"),
("nicobache11", "2020-03-18 14:00:00", "disattivo"),
("loresalva", "2020-03-18 14:00:00", "disattivo"),
("menco", "2020-03-18 14:00:00", "attivo"),
("martinapanico", "2020-03-18 14:00:00", "attivo"),
("fedenardi", "2020-03-18 14:00:00", "attivo"),
("hannahruthdevine", "2020-03-18 14:00:00", "attivo"),
("loregrassi", "2020-03-18 14:00:00", "attivo"),
("alemeini", "2020-03-18 14:00:00", "attivo"),
("menco", "2022-01-18 11:00:00", "disattivo");

INSERT INTO `Abitante`(`Codice fiscale`, `Ente di rilascio`, `Numero documento`, `Scadenza`, `Tipologia`, `Cognome`, `Nome`, `Telefono`, `Data di nascita`) VALUES
("GRASSLORE", "Motorizzazione civile di Lucca", "LU5308370X", "2030-05-13", "patente", "Grassi", "Lorenzo", "+393451782832", "1998-04-19"),
("MEINALE", "Comune di Lucca", "AX4789935", "2023-10-24", "carta d'identità", "Meini", "Alessio", "+393448750293", "1994-12-12"),
("DEVIHAN", "Motorizzazione civile di Pisa", "PI3628128X", "2027-04-12", "patente", "Devine", "Hannah-Ruth Amalia", "+3934755670880", "1992-02-13"),
("PIPPOPAO", "Comune di Lucca", "AX3712383", "2024-03-12", "carta d'identità", "Paolo", "Pippo", "+393477614026", "2002-11-13"),
("MARCSAM", "Motorizzazione civile di Lucca", "LU2727370X", "2028-06-03", "patente", "Marchi", "Samuele", "+393668752222", "2000-03-17");

INSERT INTO `Autenticazione abitanti`(`Account`, `Abitante`) VALUES
("loregrassi", "GRASSLORE"),
("alemeini", "MEINALE"),
("hannahruthdevine", "DEVIHAN"),
("pippo", "PIPPOPAO"),
("samumarchi", "MARCSAM");

INSERT INTO `Ospite`(`Account`, `Nome`, `Cognome`, `Indirizzo`, `Telefono`, `Data di nascita`) VALUES
("fedenardi", "Federico", "Nardi", NULL, "+393208169983", "2000-07-23"),
("martinapanico", "Martina", "Panico", NULL, NULL, "2001-09-02"),
("nicobache11", "Nicolò", "Bacherotti", NULL, NULL, NULL),
("menco", "Lorenzo", "Menchini", NULL, NULL, NULL),
("loresalva", "Lorenzo", "Salvatelli", NULL, NULL, NULL);

INSERT INTO `Relazione`(`Abitante`, `Ospite`, `Tipo`) VALUES
("MARCSAM", "nicobache11", "amico"),
("PIPPOPAO", "loresalva", "amico"),
("DEVIHAN", "fedenardi", "amico"),
("DEVIHAN", "menco", "ex fidanzato"),
("MEINALE", "fedenardi", "amico"),
("GRASSLORE", "fedenardi", "amico"),
("GRASSLORE", "martinapanico", "amica");


# TOPOLOGIA DELL'EDIFICIO #

INSERT INTO `Punto di accesso o intrusione`(`Tipo`) VALUES
("porta"),
("porta"),
("porta"),
("porta"),
("porta"),
("porta"),
("porta"),
("porta"),
("porta"),
("porta"),
("porta"),
("porta"),
("porta"),
("porta"),
("porta"),
("finestra"),
("finestra"),
("finestra"),
("finestra"),
("finestra"),
("finestra"),
("finestra"),
("finestra"),
("finestra"),
("finestra"),
("finestra"),
("finestra"),
("finestra"),
("finestra"),
("finestra"),
("finestra"),
("finestra"),
("finestra"),
("scale");

INSERT INTO `Stanza`(`Nome`, `Piano`, `Altezza`, `Lunghezza`, `Larghezza`) VALUES
("Soggiorno", 0, 2.7, 7, 3.5),
("Corridoio", 0, 2.7, 7, 1.5),
("Bagno", 0, 2.7, 2, 3),
("Studio", 0, 2.7, 5, 3),
("Cucina e sala pranzo", 0, 2.7, 3, 8),
("Corridoio", 1, 2.7, 8, 1.5),
("Camera", 1, 2.7, 4, 3.5),
("Bagno", 1, 2.7, 2, 3.5),
("Salottino", 1, 2.7, 4, 3.5),
("Sgabuzzino", 1, 2.7, 2, 1.5),
("Camera", 1, 2.7, 3, 3),
("Bagno", 1, 2.7, 2, 3),
("Camera", 1, 2.7, 5, 3);

INSERT INTO `Interno`(`Punto di accesso o intrusione`, `Stanza1`, `Stanza2`) VALUES
(1, 1, 2),
(2, 2, 3),
(3, 1, 2),
(4, 1, 5),
(5, 2, 5),
(6, 2, 4),
(7, 7, 6),
(8, 8, 6),
(9, 9, 6),
(10, 10, 6),
(11, 11, 6),
(12, 13, 6),
(13, 13, 12),
(34, 6, 2);

INSERT INTO `Disposizione stanze`(`Stanza1`, `Stanza2`, `Direzione`) VALUES
(1, 2, "est-ovest"),
(1, 5, "nord-sud"),
(2, 5, "nord-sud"),
(3, 4, "nord-sud"),
(4, 5, "nord-sud"),
(2, 3, "est-ovest"),
(2, 4, "est-ovest"),
(7, 6, "est-ovest"),
(6, 11, "est-ovest"),
(8, 6, "est-ovest"),
(9, 6, "est-ovest"),
(13, 6, "est-ovest"),
(11, 6, "est-ovest"),
(12, 6, "est-ovest"),
(9, 10, "est-ovest"),
(13, 10, "est-ovest"),
(7, 8, "nord-sud"),
(9, 8, "nord-sud"),
(13, 12, "nord-sud"),
(11, 12, "nord-sud"),
(10, 6, "nord-sud");

INSERT INTO `Esterno`(`Punto di accesso o intrusione`, `Stanza`, `Punto cardinale`, `Serramento`) VALUES
(14, 1, "Ovest", "Persiana"),
(15, 5, "Est", "Persiana"),
(16, 1, "Ovest", "Persiana"),
(17, 3, "Nord", "Persiana"),
(18, 4, "Est", "Persiana"),
(19, 5, "Sud", "Persiana"),
(20, 5, "Ovest", "Persiana"),
(21, 5, "Sud", "Persiana"),
(22, 1, "Nord", "Persiana"),
(23, 4, "Est", "Persiana"),
(24, 7, "Ovest", "Persiana"),
(25, 7, "Ovest", "Persiana"),
(26, 11, "Est", "Persiana"),
(27, 11, "Est", "Persiana"),
(28, 9, "Ovest", "Persiana"),
(29, 13, "Est", "Persiana"),
(30, 8, "Ovest", "Persiana"),
(31, 12, "Est", "Persiana"),
(32, 13, "Sud", "Persiana"),
(33, 13, "Est", "Persiana");


# DISPOSITIVI E SMART PLUG #

INSERT INTO `Dispositivo` (`Nome`, `Condizione`) VALUES
('Aspirapolvere', 'funzionante'), 
('Asciucapelli', 'funzionante'), 
('Lavapiatti', 'funzionante'),
('Caricatore telefono', 'funzionante'),
('Computer', 'funzionante'),
('Radio', 'funzionante'),
('Bollitore', 'funzionante'),
('Caffettiera', 'funzionante'), 
('Echo dot', 'funzionante'),
('Echo show', 'funzionante'),
('Televisione', 'funzionante'),
('Televisione', 'funzionante'),
('Televisione', 'funzionante'),
('Frigorifero', 'funzionante'),
('Congelatore', 'funzionante'),
('Computer', 'funzionante'),
('Computer', 'funzionante'),
('Computer', 'funzionante'),
('Microonde', 'funzionante'), 
('Asciugacapelli', 'funzionante'),
('Caricatore telefono', 'funzionante'),
('Lavatrice', 'funzionante'),
('Forno', 'guasto'),
('Caricatore telefono', 'difettoso'),
('Caricatore telefono', 'guasto');

INSERT INTO `Livello potenza` (`Dispositivo`, `Id`, `Potenza`) VALUES
(19, 1, 0),
(19, 2, 450),
(19, 3, 650),
(19, 4, 850),
(19, 5, 1000),
(2, 1, 0),
(2, 2, 1800),
(2, 3, 2400),
(20, 1, 0),
(20, 2, 2000),
(20, 3, 2400),
(20, 4, 2800),
(1, 1, 0),
(1, 2, 400),
(1, 3, 750),
(1, 4, 900),
(23, 1, 0),
(23, 2, 800),
(23, 3, 1000),
(23, 4, 1400);

INSERT INTO `Programma` (`Dispositivo`, `Id`, `Durata`, `Potenza`) VALUES
(3, 1, 15, 800),
(3, 2, 30, 500),
(3, 3, 75, 1000),
(3, 4, 150, 1150),
(3, 5, 180, 1000),
(3, 6, 250, 800),
(8, 1, 5, 700),
(8, 2, 6, 800),
(8, 3, 7, 900),
(22, 1, 240, 1050),
(22, 2, 180, 1000),
(22, 3, 120, 950),
(22, 4, 60, 1050),
(22, 5, 30, 1100);

INSERT INTO `Dispositivo c.f.` (`Dispositivo`, `Consumo`) VALUES
(4, 10),
(5, 150),
(6, 50),
(7, 1300), 
(9, 2),
(10, 3),
(11, 450),
(12, 200),
(13, 400),
(14, 250),
(15, 300),
(16, 180),
(17, 200),
(18, 200),
(21, 10),
(24, 17),
(25, 15);

INSERT INTO `Smart plug` (`Id`, `Potenza massima`, `Stanza`) VALUES
(1, 3800, 8),
(2, 3800, 1),
(3, 3800, 1),
(4, 3800, 2),
(5, 3800, 2),
(6, 3800, 3),
(7, 3800, 3),
(8, 3800, 4),
(9, 3800, 4),
(10, 3800, 5),
(11, 3800, 5),
(12, 3800, 6),
(13, 3800, 6),
(14, 3800, 7),
(15, 3800, 7),
(16, 3800, 8),
(17, 3800, 9),
(18, 3800, 10),
(19, 3800, 11),
(20, 3800, 11),
(21, 3800, 12),
(22, 3800, 13),
(23, 3800, 6),
(24, 3800, 6),
(25, 3800, 8),
(26, 3800, 9),
(27, 3800, 10),
(28, 3800, 2);

INSERT INTO `Registro prese`(`Dispositivo`, `Inizio`, `Fine`, `Smart plug`) VALUES
(22, '2019/06/12 12:20:43', NULL, 10),
(3, '2019/06/15 12:35:03', NULL, 5),
(15, '2019/07/22 11:22:10', NULL, 5),
(16, '2019/07/23 14:02:20', NULL, 4),
(18, '2019/08/11 10:20:14', NULL, 7),
(19, '2019/08/14 11:02:32', NULL, 5),
(11, '2019/09/16 15:05:13', NULL, 5),
(12, '2019/09/18 13:50:34', NULL, 7),
(6, '2019/12/23 17:34:23', NULL, 9),
(7, '2019/08/07 12:04:20', NULL, 5),
(8, '2019/09/01 6:30:03', NULL, 5), 
(9, '2019/11/11 12:26:00', NULL, 13),
(10, '2019/12/04 22:20:03', NULL, 5),
(13, '2019/12/01 16:36:02',NULL, 13),
(14, '2019/04/01 13:03:36', NULL, 5),
(17, '2019/04/15 14:23:45', NULL, 9),
(20, '2019/04/05 12:02:10', NULL, 8), 
(21, '2019/11/13 15:42:23', NULL, 7),
(5, '2019/04/01 10:12:02', NULL, 13),
(4, '2019/04/18 10:12:06', NULL, 11),
(2, '2019/04/17 14:20:00', NULL, 8),
(1, '2019/04/12 10:03:00', NULL, 2);


# INTERAZIONE UTENTE-DISPOSITIVO #

INSERT INTO `Registro dispositivi c.f.`(`Timestamp`, `Suggerimento`, `Account`, `Dispositivo c.f.`, `Azione`) VALUES
('2020/01/01 10:00:00', NULL, 'hannahruthdevine', 5, 'accendi'),
('2020/02/01 10:00:00', NULL, 'alemeini', 6, 'accendi'),
('2020/03/01 10:00:00', NULL, 'loregrassi', 7, 'accendi'),
('2020/03/01 13:00:00', NULL, 'loregrassi', 7, 'spengi'),
('2020/04/01 10:00:00', NULL, 'hannahruthdevine', 9, 'accendi'),
('2020/05/01 10:00:00', NULL, 'alemeini', 10, 'accendi'),
('2020/06/01 10:00:00', NULL, 'loregrassi', 11, 'accendi'),
('2020/07/01 10:00:00', NULL, 'hannahruthdevine', 12, 'accendi'),
('2020/08/01 10:00:00', NULL, 'alemeini', 13, 'accendi'),
('2020/09/01 10:00:00', NULL, 'loregrassi', 14, 'accendi'),
('2020/09/01 15:00:00', NULL, 'loregrassi', 14, 'spengi'),
('2020/10/01 10:00:00', NULL, 'hannahruthdevine', 15, 'accendi');

INSERT INTO `Registro dispositivi c.v.i.` (`Timestamp`, `Suggerimento`, `Account`, `Livello potenza dispositivo`, `Livello potenza id`) VALUES
('2020/01/01 11:00:00', NULL, 'hannahruthdevine', 19, 3),
('2020/02/01 11:00:00', NULL, 'alemeini', 2, 2),
('2020/03/01 11:00:00', NULL, 'loregrassi', 20, 3),
('2020/04/01 11:00:00', NULL, 'hannahruthdevine', 1, 2),
('2020/05/01 11:00:00', NULL, 'alemeini', 19, 1),
('2020/06/01 11:00:00', NULL, 'loregrassi', 2, 3),
('2020/07/01 11:00:00', NULL, 'hannahruthdevine', 20, 1),
('2020/08/01 11:00:00', NULL, 'alemeini', 1, 3),
('2020/09/01 11:00:00', NULL, 'loregrassi', 19, 2),
('2020/10/01 11:00:00', NULL, 'hannahruthdevine', 2, 1);

INSERT INTO `Registro dispositivi c.v.n.i.` (`Timestamp`, `Suggerimento`, `Account`, `Programma dispositivo`, `Programma id`) VALUES
('2020/01/01 11:00:00', NULL, 'hannahruthdevine', 3, 3),
('2020/02/01 11:00:00', NULL, 'alemeini', 8, 2),
('2020/03/01 11:00:00', NULL, 'loregrassi', 22, 3),
('2020/04/01 11:00:00', NULL, 'hannahruthdevine', 3, 5),
('2020/05/01 11:00:00', NULL, 'alemeini', 8, 1),
('2020/06/01 11:00:00', NULL, 'loregrassi', 22, 4),
('2020/07/01 11:00:00', NULL, 'hannahruthdevine', 3, 1),
('2020/08/01 11:00:00', NULL, 'alemeini', 8, 2),
('2020/09/01 11:00:00', NULL, 'loregrassi', 22, 2),
('2020/10/01 17:00:00', NULL, 'hannahruthdevine', 3, 4);

INSERT INTO `Programmazione dispositivi c.f.` (`Registro dispositivi c.f.`, `Sfasamento`, `Frequenza`, `Fine`) VALUES
(3, 0, 86400, NULL);

INSERT INTO `Programmazione dispositivi c.v.i.` (`Registro dispositivi c.v.i.`, `Sfasamento`, `Frequenza`, `Fine`) VALUES
(4, 0,  259200, '2024/02/18 12:14:26');

INSERT INTO `Programmazione dispositivi c.v.n.i.` (`Registro dispositivi c.v.n.i.`, `Sfasamento`, `Frequenza`, `Fine`) VALUES
(8, 0,  604800, '2023/11/21 7:05:04'),
(10, 0,  86400, '2021/11/21 7:05:04');


# TRATTAMENTO ARIA #

INSERT INTO `Registro clima`(`Account`, `Timestamp`, `Azione`, `Suggerimento`) VALUES
("alemeini", "2020-06-12 09:30:01", "accendi", NULL),
("hannahruthdevine", "2020-07-12 12:30:01",  "accendi", NULL),
("alemeini", "2020-07-12 13:30:01", "spengi", NULL),
("loregrassi", "2020-07-12 15:30:01",  "accendi", NULL),
("loregrassi", "2020-07-12 21:30:01",  "spengi", NULL),
("hannahruthdevine", "2020-07-14 12:30:01", "accendi", NULL),
("alemeini", "2020-07-14 22:30:01", "accendi", NULL),
("alemeini", "2020-07-15 12:30:01",  "accendi",  NULL),
("hannahruthdevine", "2020-07-15 13:30:01" , "spengi",  NULL),
("hannahruthdevine", "2020-07-16 14:30:01",  "accendi",  NULL),
("loregrassi", "2020-07-22 12:30:01",  "accendi",  NULL),
("alemeini", "2020-07-22 12:30:51",  "spengi", NULL),
("loregrassi", "2020-07-22 13:30:01", "accendi", NULL),
("alemeini", "2020-07-22 14:30:01", "spengi",  NULL),
("loregrassi", "2020-07-22 15:30:01",  "accendi", NULL),
("hannahruthdevine", "2020-07-22 16:30:01",  "accendi", NULL),
("alemeini", "2020-07-22 17:30:01",  "accendi", NULL),
("loregrassi", "2020-07-22 18:30:01", "spengi", NULL),
("hannahruthdevine", "2020-07-22 19:30:01", "spengi",  NULL),
("alemeini", "2020-07-22 19:30:01", "accendi", NULL),
("loregrassi", "2020-07-22 22:30:01", "accendi", NULL),
("hannahruthdevine", "2020-07-26 13:30:01", "spengi", NULL),
(NULL, "2022-03-13 17:34:12", "attacca", NULL),
(NULL, "2022-03-13 18:14:32", "stacca", NULL),
(NULL, "2022-03-18 17:34:12", "attacca", NULL);

INSERT INTO `Programmazione clima`(`Registro clima`, `Frequenza`, `Sfasamento`, `Fine`) VALUES
(5, 86400, 0, NULL),
(4, 86400, 0, NULL);

INSERT INTO `Climatizzatore`(`Stanza`, `Potenza`) VALUES
(4, 500),
(1, 700),
(5, 900),
(7, 600),
(13, 500),
(11, 400);

INSERT INTO `Settaggio clima`(`Umidità`, `Temperatura`) VALUES
(40, 20.5),
(50, 23),
(60, 18),
(70, 19),
(30, 18.5),
(55, 19),
(50, 20.5),
(50, 21),
(45, 18),
(70, 25),
(52, 18.5),
(60, 21);

INSERT INTO `Impostazione settaggio`(`Settaggio clima`, `Registro clima`) VALUES
(1, 1),
(2, 2),
(3, 4),
(4, 6),
(3, 7),
(5, 8),
(1, 10),
(6, 11),
(3, 13),
(7, 15),
(8, 16),
(2, 17),
(3, 20),
(8, 21);

INSERT INTO `Utilizzo clima`(`Registro clima`, `Climatizzatore`) VALUES
(1, 3),
(2, 4),
(3, 3),
(4, 5),
(5, 5),
(6, 2),
(7, 4),
(8, 6),
(9, 5),
(10, 1),
(11, 4),
(12, 2),
(13, 6),
(14, 4),
(15, 5),
(16, 2),
(17, 4),
(18, 5),
(19, 6),
(20, 2),
(21, 4),
(22, 4),
(23, 5),
(24, 5),
(25, 2);


# SMART LIGHTING #

INSERT INTO `Punto luce`(`Id`, `Tipo di attacco`, `Stanza`) VALUES
(1, "E14", 10),
(2, "E27", 1),
(3, "E27", 2),
(4, "E27", 3),
(5, "E27", 4),
(6, "E27", 5),
(7, "E27", 6),
(8, "E27", 7),
(9, "E27", 8),
(10, "E27", 9),
(11, "E27", 11),
(12, "E27", 12),
(13, "E27", 13),
(14, "E27", 2),
(15, "E27", 3),
(16, "E27", 4),
(17, "E27", 5),
(18, "E27", 6),
(19, "E27", 7),
(20, "E27", 8),
(21, "E27", 9),
(22, "E27", 11),
(23, "E27", 5),
(24, "E27", 5),
(25, "E27", 10),
(26, "E27", 5),
(27, "E27", 5),
(28, "E27", 5),
(29, "E27", 5),
(30, "E27", 5),
(31, "E27", 5),
(32, "E27", 1),
(33, "E27", 2),
(34, "E40", 3),
(35, "E27", 4),
(36, "E27", 5),
(37, "E27", 6),
(38, "E27", 7),
(39, "E27", 8),
(40, "E27", 9),
(41, "E27", 1),
(42, "E27", 2),
(43, "E27", 3),
(44, "E27", 2),
(45, "E27", 3),
(46, "E27", 4),
(47, "E27", 6),
(48, "E27", 11),
(49, "E27", 7),
(50, "E27", 8),
(51, "E27", 9),
(52, "E27", 5),
(53, "E27", 12),
(54, "E27", 3),
(55, "E27", 10),
(56, "E27", 5),
(57, "E27", 5),
(58, "E27", 12),
(59, "E27", 5),
(60, "E27", 5),
(61, "E27", 12),
(62, "E27", 13),
(63, "E27", 4),
(64, "E27", 5),
(65, "E27", 6),
(66, "E27", 6),
(67, "E27", 12),
(68, "E27", 8),
(69, "E27", 9),
(70, "E27", 5),
(71, "E27", 12),
(72, "E27", 13),
(73, "E27", 5),
(74, "E27", 5),
(75, "E27", 5);

INSERT INTO `Registro luci`(`Timestamp`, `Account`, `Azione`, `Temperatura colore`, `Potenza`, `Suggerimento`) VALUES
("2020-06-12 12:37:00", "alemeini", "accendi", 2600, 20, NULL),
("2020-07-12 12:00:00", "hannahruthdevine", "accendi", NULL, NULL, NULL),
("2020-07-12 13:00:00", "alemeini", "spengi", NULL, NULL, NULL),
("2020-07-12 15:00:00", "loregrassi", "accendi", NULL, NULL, NULL),
("2020-07-12 21:00:00", "loregrassi", "spengi", NULL, NULL, NULL),
("2020-07-14 12:00:00", "hannahruthdevine", "accendi", 3300, 45, NULL),
("2020-07-14 22:00:00", "alemeini", "accendi", NULL, NULL, NULL),
("2020-07-15 12:00:00", "alemeini", "accendi", NULL, NULL, NULL),
("2020-07-15 13:00:00", "hannahruthdevine", "spengi", NULL, NULL, NULL),
("2020-07-16 14:00:00", "hannahruthdevine", "accendi", NULL, NULL, NULL),
("2020-07-22 12:00:00", "loregrassi", "accendi", NULL, NULL, NULL),
("2020-07-22 12:00:00", "alemeini", "spengi", NULL, NULL, NULL),
("2020-07-22 13:00:00", "loregrassi", "accendi", 2200, 35, NULL),
("2020-07-22 14:00:00", "alemeini", "spengi", NULL, NULL, NULL),
("2020-07-22 15:00:00", "loregrassi", "accendi", NULL, NULL, NULL),
("2020-07-22 16:00:00", "hannahruthdevine", "accendi", NULL, NULL, NULL),
("2020-07-22 17:00:00", "alemeini", "accendi", 2400, 15, NULL),
("2020-07-22 18:00:00", "loregrassi", "spengi", NULL, NULL, NULL),
("2020-07-22 19:00:00", "hannahruthdevine", "spengi", NULL, NULL, NULL),
("2020-07-22 19:00:00", "alemeini", "accendi", 4500, 35, NULL),
("2020-07-22 22:00:00", "loregrassi", "accendi", 4000, 30, NULL),
("2020-07-26 13:00:00", "hannahruthdevine", "spengi", NULL, NULL, NULL),
("2020-07-28 13:00:00", "hannahruthdevine", "accendi", 4500, 40, NULL),
("2020-07-29 13:00:00", "hannahruthdevine", "accendi", 4500, 40, NULL),
("2020-07-29 13:10:00", "hannahruthdevine", "accendi", 4500, 40, NULL),
("2020-07-29 13:20:00", "hannahruthdevine", "accendi", 4500, 40, NULL),
("2020-07-30 13:30:00", "hannahruthdevine", "accendi", NULL, NULL, NULL),
("2020-07-30 13:31:00", "hannahruthdevine", "spengi", NULL, NULL, NULL),
("2020-07-30 14:32:00", "hannahruthdevine", "accendi", NULL, NULL, NULL),
("2020-07-30 15:33:00", "hannahruthdevine", "spengi", NULL, NULL, NULL),
("2020-07-30 16:34:00", "hannahruthdevine", "accendi", NULL, NULL, NULL),
("2020-07-30 17:35:00", "hannahruthdevine", "spengi", NULL, NULL, NULL),
("2020-07-30 18:36:00", "hannahruthdevine", "accendi", NULL, NULL, NULL),
("2020-07-31 13:30:00", "hannahruthdevine", "spengi", NULL, NULL, NULL),
("2020-07-31 14:31:00", "hannahruthdevine", "accendi", NULL, NULL, NULL),
("2020-07-31 14:32:00", "hannahruthdevine", "spengi", NULL, NULL, NULL),
("2020-07-31 14:33:00", "hannahruthdevine", "accendi", NULL, NULL, NULL),
("2020-07-31 14:34:00", "hannahruthdevine", "spengi", NULL, NULL, NULL),
("2020-07-31 15:35:00", "hannahruthdevine", "accendi", NULL, NULL, NULL),
("2020-07-31 16:36:00", "hannahruthdevine", "spengi", NULL, NULL, NULL);


INSERT INTO `Programmazione luci`(`Registro luci`, `Frequenza`, `Sfasamento`, `Fine`) VALUES
(5, 86400, 0, "2020-07-26 13:00:00"),
(4, 86400, 0, "2020-07-26 13:00:00");

INSERT INTO `Registrazione luci`(`Registro luci`, `Punto luce`) VALUES
(1, 12),
(2, 4),
(3, 12),
(4, 5),
(5, 5),
(6, 34),
(7, 27),
(8, 75),
(9, 34),
(10, 54),
(11, 45),
(12, 54),
(13, 12),
(14, 12),
(15, 5),
(16, 72),
(17, 64),
(18, 55),
(19, 64),
(20, 27),
(21, 42),
(22, 42),
(23, 34),
(24, 12),
(25, 13),
(25, 14),
(26, 15),
(27, 18),
(27, 17),
(28, 18),
(28, 17),
(29, 18),
(29, 17),
(30, 18),
(30, 17),
(30, 4),
(31, 18),
(31, 17),
(31, 4),
(32, 18),
(32, 17),
(32, 4),
(33, 18),
(33, 17),
(34, 18),
(34, 17),
(35, 18),
(35, 17),
(36, 18),
(36, 17),
(37, 18),
(37, 17),
(37, 4),
(38, 18),
(38, 17),
(38, 4),
(39, 18),
(39, 17),
(39, 4),
(40, 18),
(40, 17);

INSERT INTO `Lampadina`(`Tipo di attacco`, `Condizione`, `Temperatura colore`, `Potenza`) VALUES
("E14", "funzionante", 2550, 52),
("E27", "funzionante", 2500, 45),
("E27", "funzionante", NULL, 50),
("E27", "funzionante", 3300, 60),
("E27", "funzionante", 4400, 45),
("E27", "funzionante", 2700, 45),
("E27", "funzionante", NULL, 50),
("E27", "funzionante", 2900, 45),
("E27", "funzionante", NULL, 70),
("E27", "funzionante", 2800, 45),
("E27", "funzionante", NULL, 57),
("E27", "funzionante", NULL, 70),
("E27", "funzionante", NULL, 40),
("E27", "funzionante", NULL, 48),
("E27", "funzionante", NULL, 50),
("E27", "difettosa", 2603, 200),
("E27", "funzionante", 3300, 45),
("E27", "funzionante", 2500, 33),
("E27", "funzionante", 2800, 32),
("E27", "funzionante", 2700, 35),
("E27", "funzionante", 2300, 15),
("E27", "funzionante", 3600, 35),
("E27", "funzionante", 4500, 35),
("E27", "funzionante", 2700, 35),
("E27", "funzionante", 2600, 45),
("E27", "funzionante", NULL, 67),
("E27", "funzionante", 2200, 15),
("E27", "funzionante", 2800, 45),
("E27", "funzionante", 2300, 45),
("E27", "funzionante", 3800, 64),
("E27", "funzionante", NULL, 63),
("E27", "funzionante", NULL, 64),
("E27", "funzionante", NULL, 63),
("E40", "funzionante", NULL, 45),
("E27", "difettosa", 2800, 0),
("E27", "funzionante", 3400, 45),
("E27", "funzionante", 2300, 43),
("E27", "difettosa", 4700, 45),
("E27", "funzionante", NULL, 81),
("E27", "funzionante", NULL, 49),
("E27", "funzionante", NULL, 70),
("E27", "funzionante", NULL, 110),
("E27", "funzionante", 2700, 34),
("E27", "funzionante", 2300, 63),
("E27", "funzionante", 2700, 33),
("E27", "funzionante", 2600, 34),
("E27", "funzionante", 2300, 7),
("E27", "difettosa", 2400, 65),
("E27", "funzionante", 2300, 33),
("E27", "funzionante", NULL, 49),
("E27", "funzionante", 3300, 33),
("E27", "funzionante", NULL, 70),
("E27", "funzionante", NULL, 80),
("E27", "funzionante", 2300, 37),
("E27", "funzionante", NULL, 50),
("E27", "difettosa", 2600, 45),
("E27", "funzionante", 2700, 33),
("E27", "funzionante", NULL, 60),
("E27", "funzionante", 2400, 57),
("E27", "funzionante", 2300, 33),
("E27", "funzionante", NULL, 70),
("E27", "funzionante", NULL, 70),
("E27", "funzionante", 2300, 35),
("E27", "funzionante", NULL, 60),
("E27", "funzionante", 2300, 73),
("E27", "funzionante", 2400, 72),
("E27", "funzionante", NULL, 80),
("E27", "funzionante", 2300, 74),
("E27", "funzionante", NULL, 65),
("E27", "funzionante", 2700, 35),
("E27", "funzionante", 2600, 33),
("E27", "funzionante", 2400, 35),
("E27", "funzionante", 3300, 33),
("E27", "funzionante", 2700, 75),
("E14", "difettosa", 2500, 33),
("E27", "funzionante", 4800, 46),
("E27", "funzionante", 4550, 52),
("E27", "funzionante", 4300, 37),
("E27", "difettosa", 3300, 60),
("E27", "funzionante", 4200, 45),
("E27", "funzionante", NULL, 70),
("E27", "funzionante", NULL, 50),
("E27", "funzionante", 2900, 45),
("E27", "difettosa", 3000, 70),
("E40", "guasta", 2000, 80);

INSERT INTO `Registro spostamenti`(`Punto luce`, `Lampadina`, `Inizio`, `Fine`) VALUES
(1, 1, "2020-06-12 12:00:00", "2021-02-12 14:14:32"),
(2, 2, "2020-06-12 12:00:00", "2021-02-12 14:10:40"),
(3, 3, "2020-06-12 12:00:00", "2021-01-03 12:01:10"),
(4, 4, "2020-06-12 12:00:00", "2021-02-12 15:00:10"),
(5, 5, "2020-06-12 12:00:00", "2021-02-12 12:40:01"),
(6, 6, "2020-06-12 12:00:00", "2021-02-11 12:04:44"),
(7, 7, "2020-06-12 12:00:00", "2021-02-12 12:10:41"),
(8, 8, "2020-06-12 12:00:00", "2021-02-12 14:04:04"),
(9, 9, "2020-06-12 12:00:00", "2021-02-12 14:01:43"),
(10, 10, "2020-06-12 12:00:00", NULL),
(12, 12, "2020-06-12 12:00:00", NULL),
(13, 11, "2020-06-12 12:00:00", NULL),
(14, 13, "2020-06-12 12:00:00", NULL),
(15, 14, "2020-06-12 12:00:00", NULL),
(16, 15, "2020-06-12 12:00:00", NULL),
(17, 16, "2020-06-12 12:00:00", NULL),
(18, 17, "2020-06-12 12:00:00", NULL),
(19, 18, "2020-06-12 12:00:00", NULL),
(20, 19, "2020-06-12 12:00:00", NULL),
(21, 20, "2020-06-12 12:00:00", NULL),
(22, 21, "2020-06-12 12:00:00", NULL),
(23, 22, "2020-06-12 12:00:00", NULL),
(24, 23, "2020-06-12 12:00:00", NULL),
(25, 24, "2020-06-12 12:00:00", NULL),
(26, 25, "2020-06-12 12:00:00", NULL),
(27, 26, "2020-06-12 12:00:00", NULL),
(28, 27, "2020-06-12 12:00:00", NULL),
(29, 28, "2020-06-12 12:00:00", NULL),
(30, 29, "2020-06-12 12:00:00", NULL),
(31, 30, "2020-06-12 12:00:00", NULL),
(32, 31, "2020-06-12 12:00:00", NULL),
(33, 32, "2020-06-12 12:00:00", NULL),
(34, 34, "2020-06-12 12:00:00", NULL),
(35, 33, "2020-06-12 12:00:00", NULL),
(36, 35, "2020-06-12 12:00:00", NULL),
(37, 36, "2020-06-12 12:00:00", NULL),
(38, 37, "2020-06-12 12:00:00", NULL),
(39, 38, "2020-06-12 12:00:00", NULL),
(40, 39, "2020-06-12 12:00:00", NULL),
(42, 40, "2020-06-12 12:00:00", NULL),
(43, 41, "2020-06-12 12:00:00", "2021-01-30 21:03:45"),
(44, 42, "2020-06-12 12:00:00", NULL),
(45, 43, "2020-06-12 12:00:00", NULL),
(46, 44, "2020-06-12 12:00:00", NULL),
(47, 45, "2020-06-12 12:00:00", NULL),
(48, 46, "2020-06-12 12:00:00", NULL),
(49, 47, "2020-06-12 12:00:00", NULL),
(50, 48, "2020-06-12 12:00:00", NULL),
(52, 49, "2020-06-12 12:00:00", NULL),
(51, 50, "2020-06-12 12:00:00", NULL),
(53, 52, "2020-06-12 12:00:00", NULL),
(54, 53, "2020-06-12 12:00:00", NULL),
(55, 54, "2020-06-12 12:00:00", NULL),
(56, 55, "2020-06-12 12:00:00", NULL),
(57, 56, "2020-06-12 12:00:00", NULL),
(58, 57, "2020-06-12 12:00:00", NULL),
(59, 58, "2020-06-12 12:00:00", NULL),
(60, 59, "2020-06-12 12:00:00", NULL),
(62, 60, "2021-06-12 12:00:00", NULL),
(63, 61, "2021-06-12 12:00:00", NULL),
(64, 62, "2021-06-12 12:00:00", NULL),
(65, 63, "2021-06-12 12:00:00", NULL),
(66, 64, "2021-06-12 12:00:00", NULL),
(67, 65, "2021-06-12 12:00:00", NULL),
(68, 66, "2021-06-12 12:00:00", NULL),
(43, 84, "2021-01-31 11:40:25", NULL),
(69, 67, "2021-06-12 12:00:00", NULL),
(70, 68, "2021-06-12 12:00:00", NULL),
(71, 69, "2021-06-12 12:00:00", "2021-08-12 17:00:00"),
(71, 70, "2021-08-12 17:00:50", NULL),
(72, 71, "2021-06-12 12:00:00", NULL),
(73, 72, "2021-06-12 12:00:00", NULL),
(74, 73, "2021-06-12 12:00:00", NULL),
(75, 74, "2021-06-12 12:00:00", NULL),
(1, 75, "2021-06-12 12:00:00", "2021-02-12 14:15:43"),
(2, 76, "2021-06-12 12:00:00", "2021-02-12 14:17:25"),
(3, 77, "2021-06-12 12:00:00", "2021-01-03 12:01:10"),
(4, 78, "2021-06-12 12:00:00", "2021-02-12 15:02:10"),
(5, 79, "2021-06-12 12:00:00", "2021-02-12 12:40:03"),
(6, 80, "2021-06-12 12:00:00", "2021-02-11 12:04:44"),
(8, 81, "2021-06-12 12:00:00", "2021-02-12 12:12:41"),
(9, 82, "2021-06-12 12:00:00", "2021-02-12 14:07:44"),
(7, 83, "2021-06-12 12:00:00", "2021-02-12 14:02:46");


# ACCESSI/INTRUSIONI #

INSERT INTO `Registro accessi e intrusioni` (`Timestamp`, `Azione`, `Suggerimento`, `Account`, `Punto di accesso o intrusione`) VALUES
('2020/06/20 09:00:00', 'apri serramento', NULL, 'hannahruthdevine', 14),
('2020/06/20 09:00:04', 'apri', NULL, 'hannahruthdevine', 14),
('2020/06/20 09:00:05', 'entra', NULL, 'hannahruthdevine', 14),
('2020/06/20 09:00:06', 'entra', NULL, 'alemeini', 14),
('2020/06/20 09:00:07', 'entra', NULL, 'loregrassi', 14),
('2020/06/20 09:00:08', 'chiudi', NULL, 'hannahruthdevine', 14),
('2020/06/20 10:00:04', 'apri', NULL, 'alemeini', 1),
('2020/06/20 10:00:05', 'passa', NULL, 'alemeini', 1),
('2020/06/20 10:00:06', 'passa', NULL, 'hannahruthdevine', 1),
('2020/06/20 10:00:07', 'passa', NULL, 'loregrassi', 1),
('2020/06/20 11:00:05', 'apri', NULL, 'hannahruthdevine', 2),
('2020/06/20 11:00:06', 'passa', NULL, 'hannahruthdevine', 2),
('2020/06/20 12:00:05', 'passa', NULL, 'hannahruthdevine', 2),
('2020/06/20 12:00:06', 'apri', NULL, 'hannahruthdevine', 5),
('2020/06/20 12:00:07', 'passa', NULL, 'hannahruthdevine', 5),
('2020/06/20 12:00:08', 'passa', NULL, 'alemeini', 5),
('2020/06/20 12:00:09', 'chiudi', NULL, 'alemeini', 5),
('2020/06/20 12:02:08', 'apri', NULL, 'hannahruthdevine', 4),
('2020/06/20 12:03:09', 'passa', NULL, 'hannahruthdevine', 4),
('2020/06/20 13:00:05', 'apri', NULL, 'alemeini', 5),
('2020/06/20 13:01:05', 'passa', NULL, 'alemeini', 5),
('2020/06/20 13:03:05', 'passa', NULL, 'loregrassi', 2),
('2020/06/20 13:04:05', 'apri', NULL, 'hannahruthdevine', 3),
('2020/06/20 15:00:05', 'passa', NULL, 'hannahruthdevine', 3),
('2020/06/20 16:00:05', 'passa', NULL, 'loregrassi', 2),
('2020/06/20 16:00:11', 'passa', NULL, 'hannahruthdevine', 3),
('2020/06/20 18:00:05', 'chiudi', NULL, 'loregrassi', 2),
('2020/06/20 18:01:05', 'passa', NULL, 'hannahruthdevine', 3),
('2020/06/20 19:00:05', 'apri', NULL, 'loregrassi', 2),
('2020/06/20 19:00:07', 'passa', NULL, 'hannahruthdevine', 3),
('2020/06/20 19:00:15', 'passa', NULL, 'hannahruthdevine', 3),
('2020/06/20 20:00:05', 'passa', NULL, 'loregrassi', 3),
('2020/06/20 20:05:05', 'chiudi', NULL, 'hannahruthdevine', 3),
('2020/06/20 20:07:05', 'apri', NULL, 'hannahruthdevine', 3),
('2020/06/20 20:09:05', 'passa', NULL, 'hannahruthdevine', 3),
('2020/06/20 21:00:05', 'passa', NULL, 'alemeini', 3),
('2020/06/20 21:06:05', 'passa', NULL, 'loregrassi', 4),
('2020/06/20 21:09:05', 'passa', NULL, 'hannahruthdevine', 4),
('2020/06/20 22:00:05', 'passa', NULL, 'loregrassi', 4),
('2020/06/20 22:02:05', 'passa', NULL, 'hannahruthdevine', 4),
('2020/06/20 23:57:24', 'chiudi serramento', NULL, 'loregrassi', 14);

INSERT INTO `Programmazione accessi`(`Registro accessi e intrusioni`, `Sfasamento`, `Frequenza`, `Fine`) VALUES
(1, 0, 86400, NULL),
(41, 0, 86400, NULL);


# SORGENTI ENERGETICHE #

INSERT INTO `Sorgente energetica`(`Tipo`) VALUES
("pannello solare"),
("pannello solare"),
("pannello solare"),
("pala eolica");


# CONTABILIZZAZIONE E USO ENERGIA #

INSERT INTO `Fascia oraria`(`Costo acquisto`, `Prezzo vendita`) VALUES
(0.293, 0.201),
(0.321, 0.210),
(0.278, 0.207);

INSERT INTO `Tempo`(`Timestamp`, `Meteo`, `Qualità aria`, `Velocità aria`, `Pressione atmosferica`, `Temperatura`, `Umidità`, `Fascia oraria`) VALUES
("2020-06-12 12:00:00", "soleggiato", 36, 11, 1017, 27.8, 43, 2),
("2020-06-12 12:15:00", "soleggiato", 37, 7, 1017, 28.1, 43, 2),
("2020-06-12 12:30:00", "soleggiato", 37, 15, 1016, 28.3, 41, 2),
("2020-06-12 12:45:00", "soleggiato", 37, 15, 1016, 28.3, 41, 2),
("2022-04-05 16:00:00", "parzialmente soleggiato", 38, 12, 1016, 28.5, 41, 2),
("2022-04-05 16:15:00", "parzialmente soleggiato", 38, 12, 1016, 28.5, 41, 2),
("2022-04-05 16:30:00", "parzialmente soleggiato", 38, 12, 1016, 28.5, 41, 2),
("2022-04-05 16:45:00", "parzialmente soleggiato", 38, 12, 1016, 28.5, 41, 2),
("2022-04-05 17:00:00", "parzialmente soleggiato", 38, 12, 1016, 28.5, 41, 2),
("2022-04-05 17:15:00", "parzialmente soleggiato", 38, 12, 1016, 28.5, 41, 2),
("2022-04-05 17:30:00", "parzialmente soleggiato", 38, 12, 1016, 28.5, 41, 2);

INSERT INTO `Registro produzione energia`(`Sorgente energetica`, `Tempo`, `Potenza prodotta`) VALUES
(1, "2020-06-12 12:00:00", 456),
(2, "2020-06-12 12:00:00", 448),
(3, "2020-06-12 12:00:00", 432),
(4, "2020-06-12 12:00:00", 440),
(1, "2020-06-12 12:15:00", 460),
(2, "2020-06-12 12:15:00", 416),
(3, "2020-06-12 12:15:00", 444),
(4, "2020-06-12 12:15:00", 444),
(1, "2020-06-12 12:30:00", 448),
(2, "2020-06-12 12:30:00", 436),
(3, "2020-06-12 12:30:00", 444),
(4, "2020-06-12 12:30:00", 436),
(1, "2020-06-12 12:45:00", 404),
(2, "2020-06-12 12:45:00", 388),
(3, "2020-06-12 12:45:00", 400),
(4, "2022-04-05 16:00:00", 346),
(1, "2022-04-05 16:00:00", 316),
(4, "2022-04-05 16:15:00", 346),
(1, "2022-04-05 16:15:00", 366),
(4, "2022-04-05 16:30:00", 346),
(1, "2022-04-05 16:30:00", 326),
(4, "2022-04-05 16:45:00", 156),
(1, "2022-04-05 16:45:00", 246),
(4, "2022-04-05 17:00:00", 356),
(1, "2022-04-05 17:00:00", 306);


# TRATTAMENTO ARIA #

INSERT INTO `Qualità aria interna`(`Stanza`, `Tempo`, `Temperatura`, `Umidità`, `Rumore`, `Anidride carbonica`) VALUES
(1, "2020-06-12 12:00:00", 24, 46, 44, 910),
(2, "2020-06-12 12:00:00", 26.2, 51, 44, 910),
(3, "2020-06-12 12:00:00", 25.4, 60, 44, 910),
(4, "2020-06-12 12:00:00", 22.4, 36, 44, 930),
(5, "2020-06-12 12:00:00", 23.4, 49, 44, 920),
(6, "2020-06-12 12:00:00", 27.4, 49, 44, 940),
(7, "2020-06-12 12:00:00", 22.0, 53, 44, 950),
(8, "2020-06-12 12:00:00", 31.1, 47, 44, 913),
(9, "2020-06-12 12:00:00", 24.3, 54, 44, 910),
(10, "2020-06-12 12:00:00", 21.4, 27, 44, 910),
(11, "2020-06-12 12:00:00", 23.6, 45, 44, 950),
(12, "2020-06-12 12:00:00", 30.2, 63, 44, 940),
(13, "2020-06-12 12:00:00", 26.3, 42, 44, 960),
(1, "2020-06-12 12:15:00", 24.1, 45, 44, 970),
(2, "2020-06-12 12:15:00", 26.5, 50, 44, 930),
(3, "2020-06-12 12:15:00", 25.0, 54, 44, 970),
(4, "2020-06-12 12:15:00", 22.2, 34, 44, 940),
(5, "2020-06-12 12:15:00", 23.6, 52, 44, 918),
(6, "2020-06-12 12:15:00", 27.9, 49, 44, 915),
(7, "2020-06-12 12:15:00", 23.0, 53, 44, 917),
(8, "2020-06-12 12:15:00", 29.7, 46, 44, 918),
(9, "2020-06-12 12:15:00", 24.2, 52, 44, 916),
(10, "2020-06-12 12:15:00", 21.2, 28, 44, 914),
(11, "2020-06-12 12:15:00", 23.5, 47, 44, 916),
(12, "2020-06-12 12:15:00", 30.0, 59, 54, 917),
(13, "2020-06-12 12:15:00", 26.2, 41, 74, 919),
(1, "2020-06-12 12:30:00", 24.0, 45, 45, 923),
(2, "2020-06-12 12:30:00", 26.5, 50, 46, 914),
(3, "2020-06-12 12:30:00", 25.0, 54, 48, 916),
(4, "2020-06-12 12:30:00", 22.2, 32, 44, 917),
(5, "2020-06-12 12:30:00", 23.9, 52, 44, 900),
(6, "2020-06-12 12:30:00", 27.9, 42, 44, 1010),
(7, "2020-06-12 12:30:00", 23.7, 53, 45, 960),
(8, "2020-06-12 12:30:00", 29.2, 42, 44, 940),
(9, "2020-06-12 12:30:00", 24.2, 52, 44, 990),
(10, "2020-06-12 12:30:00", 21.0, 29, 48, 930),
(11, "2020-06-12 12:30:00", 23.3, 45, 47, 917),
(12, "2020-06-12 12:30:00", 31.0, 56, 46, 910),
(13, "2020-06-12 12:30:00", 26.4, 43, 45, 910),
(1, "2020-06-12 12:45:00", 24.2, 45, 44, 910),
(2, "2020-06-12 12:45:00", 26.4, 54, 45, 910),
(3, "2020-06-12 12:45:00", 28.4, 50, 64, 910),
(4, "2020-06-12 12:45:00", 28.4, 34, 24, 910),
(5, "2020-06-12 12:45:00", 23.2, 46, 64, 910),
(6, "2020-06-12 12:45:00", 29.4, 49, 44, 910),
(7, "2020-06-12 12:45:00", 22.3, 51, 34, 910),
(8, "2020-06-12 12:45:00", 30.5, 41, 84, 910),
(9, "2020-06-12 12:45:00", 24.0, 54, 44, 910),
(10, "2020-06-12 12:45:00", 20.9, 27, 64, 910),
(11, "2020-06-12 12:45:00", 26.6, 45, 54, 910),
(12, "2020-06-12 12:45:00", 30.0, 57, 74, 910),
(13, "2020-06-12 12:45:00", 26.3, 42, 44, 910);
